{"cameraMode":{"drawMode":31,"name":"Sprite Mask","section":"Miscellaneous"},"sceneLighting":false,"audioPlay":false,"sceneViewState":{"showFog":true,"showMaterialUpdate":true,"showSkybox":false,"showFlares":true,"showImageEffects":true,"showParticleSystems":true},"in2DMode":false,"pivot":{"x":11.775209426879883,"y":5.691824913024902,"z":7.719779014587402},"rotation":{"x":0.36276325583457949,"y":0.4514579772949219,"z":-0.20734885334968568,"w":0.7886096835136414},"size":10.0,"orthographic":false}