{"cameraMode":{"drawMode":31,"name":"Sprite Mask","section":"Miscellaneous"},"sceneLighting":false,"audioPlay":false,"sceneViewState":{"showFog":true,"showMaterialUpdate":true,"showSkybox":false,"showFlares":true,"showImageEffects":true,"showParticleSystems":true},"in2DMode":false,"pivot":{"x":1.4542595148086548,"y":16.188491821289064,"z":2.444706916809082},"rotation":{"x":0.23366965353488923,"y":0.4687291979789734,"z":-0.12969514727592469,"w":0.842121958732605},"size":0.5361407995223999,"orthographic":false}