{"cameraMode":{"drawMode":31,"name":"Sprite Mask","section":"Miscellaneous"},"sceneLighting":false,"audioPlay":false,"sceneViewState":{"showFog":true,"showMaterialUpdate":true,"showSkybox":false,"showFlares":true,"showImageEffects":true,"showParticleSystems":true},"in2DMode":false,"pivot":{"x":-1.4927656650543213,"y":1.6903820037841797,"z":-8.535680770874024},"rotation":{"x":0.255727082490921,"y":0.22391512989997865,"z":-0.060963716357946399,"w":0.9385625720024109},"size":1.0011540651321412,"orthographic":false}