{"cameraMode":{"drawMode":31,"name":"Sprite Mask","section":"Miscellaneous"},"sceneLighting":false,"audioPlay":false,"sceneViewState":{"showFog":true,"showMaterialUpdate":true,"showSkybox":false,"showFlares":true,"showImageEffects":true,"showParticleSystems":true},"in2DMode":false,"pivot":{"x":5.447849273681641,"y":14.192835807800293,"z":4.088966369628906},"rotation":{"x":0.31493616104125979,"y":0.6207155585289002,"z":-0.2987978756427765,"w":0.6531032919883728},"size":1.6100002527236939,"orthographic":false}