{"cameraMode":{"drawMode":31,"name":"Sprite Mask","section":"Miscellaneous"},"sceneLighting":false,"audioPlay":false,"sceneViewState":{"showFog":true,"showMaterialUpdate":true,"showSkybox":false,"showFlares":true,"showImageEffects":true,"showParticleSystems":true},"in2DMode":false,"pivot":{"x":-3.1500000953674318,"y":8.569999694824219,"z":1.8799999952316285},"rotation":{"x":0.29171422123908999,"y":-0.009789673611521721,"z":0.003254234092310071,"w":0.9565840363502502},"size":0.24305258691310883,"orthographic":false}