{"cameraMode":{"drawMode":31,"name":"Sprite Mask","section":"Miscellaneous"},"sceneLighting":false,"audioPlay":false,"sceneViewState":{"showFog":true,"showMaterialUpdate":true,"showSkybox":false,"showFlares":true,"showImageEffects":true,"showParticleSystems":true},"in2DMode":false,"pivot":{"x":5.142965793609619,"y":2.1503820419311525,"z":-5.93966817855835},"rotation":{"x":-0.11050426959991455,"y":0.7740967273712158,"z":-0.14086146652698518,"w":-0.6072624325752258},"size":1.0011539459228516,"orthographic":false}