{"cameraMode":{"drawMode":31,"name":"Sprite Mask","section":"Miscellaneous"},"sceneLighting":false,"audioPlay":false,"sceneViewState":{"showFog":true,"showMaterialUpdate":true,"showSkybox":false,"showFlares":true,"showImageEffects":true,"showParticleSystems":true},"in2DMode":false,"pivot":{"x":-8.261117935180664,"y":13.37121868133545,"z":12.191736221313477},"rotation":{"x":-0.10595936328172684,"y":-0.8857899308204651,"z":0.37860190868377688,"w":-0.24713660776615144},"size":0.8660253882408142,"orthographic":false}