{"cameraMode":{"drawMode":31,"name":"Sprite Mask","section":"Miscellaneous"},"sceneLighting":false,"audioPlay":false,"sceneViewState":{"showFog":true,"showMaterialUpdate":true,"showSkybox":false,"showFlares":true,"showImageEffects":true,"showParticleSystems":true},"in2DMode":false,"pivot":{"x":7.939516067504883,"y":12.522994041442871,"z":2.8921146392822267},"rotation":{"x":0.27586889266967776,"y":0.01785574108362198,"z":-0.00483653973788023,"w":0.9611629843711853},"size":10.0,"orthographic":false}