{"cameraMode":{"drawMode":31,"name":"Sprite Mask","section":"Miscellaneous"},"sceneLighting":false,"audioPlay":false,"sceneViewState":{"showFog":true,"showMaterialUpdate":true,"showSkybox":false,"showFlares":true,"showImageEffects":true,"showParticleSystems":true},"in2DMode":false,"pivot":{"x":-2.7874250411987306,"y":2.6600003242492677,"z":-7.373709678649902},"rotation":{"x":-0.1409904807806015,"y":-0.025026602670550348,"z":0.003551444271579385,"w":-0.9897403120994568},"size":2.9610140323638918,"orthographic":false}