{"cameraMode":{"drawMode":31,"name":"Sprite Mask","section":"Miscellaneous"},"sceneLighting":false,"audioPlay":false,"sceneViewState":{"showFog":true,"showMaterialUpdate":true,"showSkybox":false,"showFlares":true,"showImageEffects":true,"showParticleSystems":true},"in2DMode":false,"pivot":{"x":1.432573676109314,"y":-0.4004795551300049,"z":0.8880219459533691},"rotation":{"x":-0.2863580882549286,"y":0.08220471441745758,"z":-0.024611791595816613,"w":-0.9543666243553162},"size":2.5912818908691408,"orthographic":false}