{"cameraMode":{"drawMode":31,"name":"Sprite Mask","section":"Miscellaneous"},"sceneLighting":false,"audioPlay":false,"sceneViewState":{"showFog":true,"showMaterialUpdate":true,"showSkybox":false,"showFlares":true,"showImageEffects":true,"showParticleSystems":true},"in2DMode":false,"pivot":{"x":-0.24644914269447328,"y":0.6992247700691223,"z":-1.4229851961135865},"rotation":{"x":-0.002780892653390765,"y":-0.9661062955856323,"z":0.25855007767677309,"w":-0.008976281620562077},"size":2.1073949337005617,"orthographic":false}