{"cameraMode":{"drawMode":31,"name":"Sprite Mask","section":"Miscellaneous"},"sceneLighting":true,"audioPlay":false,"sceneViewState":{"showFog":true,"showMaterialUpdate":true,"showSkybox":true,"showFlares":true,"showImageEffects":true,"showParticleSystems":true},"in2DMode":false,"pivot":{"x":-1.8988693952560425,"y":4.360619068145752,"z":-1.1479458808898926},"rotation":{"x":-0.32349854707717898,"y":-0.5301904678344727,"z":0.22824643552303315,"w":-0.7499756217002869},"size":6.594016075134277,"orthographic":false}