{"cameraMode":{"drawMode":31,"name":"Sprite Mask","section":"Miscellaneous"},"sceneLighting":false,"audioPlay":false,"sceneViewState":{"showFog":true,"showMaterialUpdate":true,"showSkybox":false,"showFlares":true,"showImageEffects":true,"showParticleSystems":true},"in2DMode":false,"pivot":{"x":0.6620821952819824,"y":7.877931594848633,"z":-2.0977554321289064},"rotation":{"x":0.27586889266967776,"y":0.01785574108362198,"z":-0.00483653973788023,"w":0.9611629843711853},"size":10.0,"orthographic":false}